<?xml version="1.0" encoding="UTF-8"?>
<!DOCTYPE log4j:configuration SYSTEM "lib/log4j.dtd">

<log4j:configuration xmlns:log4j="http://jakarta.apache.org/log4j/"
					 debug="false">

	<!-- ============================== -->
	<!-- Append messages to the console -->
	<!-- ============================== -->

	<appender name="CONSOLE" class="org.apache.log4j.ConsoleAppender">
		<param name="Target" value="System.out" />
		<!--<param name="Threshold" value="INFO" />-->

		<layout class="org.apache.log4j.PatternLayout">
			<!-- The default pattern: Date Priority [Category] Message\n -->
			<param name="ConversionPattern"
				   value="%d{ABSOLUTE} %-5p [Class:%c{1}] [Thread:%t] %m%n" />
		</layout>
		<param name="Threshold" value="INFO"/>
	</appender>


	<appender name="file" class="org.apache.log4j.RollingFileAppender">
		<param name="append" value="false" />
		<param name="maxFileSize" value="100MB" />
		<param name="maxBackupIndex" value="10" />
		<param name="file" value="/online/data/log/google/project.log" />
		<layout class="org.apache.log4j.PatternLayout">
			<param name="ConversionPattern"
				   value="%d{ABSOLUTE} %-5p [Class:%c{1}] [Thread:%t] %m%n" />
		</layout>
		<param name="Threshold" value="TRACE"/>
	</appender>



	<!-- ================ -->
	<!-- Limit categories -->
	<!-- ================ -->

	<category name="patrali.online">
		<priority value="TRACE" />
	</category>

	<!-- ======================= -->
	<!-- Setup the Root category -->
	<!-- ======================= -->

	<root>
		<appender-ref ref="CONSOLE" />
		<appender-ref ref="file"/>
		<level value="INFO"/>
	</root>

</log4j:configuration>
